id,roll_no,name,date of birth,gender,email,mobile,address,academic_year,cdept_id,college_id
101,PPIT4001,Nancie,1996-01-29,M,presoff@live.com,9519908266,49/ BharatGarh/ Kolkata - 283049,2014,121,71
102,PPIT4002,Michale,1996-03-01,M,moonlapse@verizon.net,9220104764,40/ Rupesh Chowk/ Vadodara - 153761,2014,121,71
103,PPIT4003,Mamie,1996-05-13,M,aglassis@sbcglobal.net,9708019730,55/ Mansarovar/ Mumbai - 412811,2014,122,71
104,PPIT4004,Renita,1996-06-09,F,tkrotchko@outlook.com,9613558688,72/ Preshita Apartments/ Aundh Raipur - 448415,2014,121,71
105,PPIT4005,Eleonora,1996-09-21,F,offthelip@yahoo.ca,9266593998,12/ Indira Apartments/ Bandra Ahmedabad - 167139,2014,122,71
106,PPIT4006,Bettyann,1996-11-06,M,jgmyers@mac.com,9516261712,52/ Lalita Society/ Ujwal Chowk Hyderabad - 401487,2014,122,71
107,PPIT4007,Valery,1997-03-22,F,fraterk@hotmail.com,9308079982,36/ HimaniPur/ Chennai - 205290,2014,121,71
108,PPIT4008,Carey,1997-04-06,M,bahwi@live.com,9525792692,55/ Faisal Villas/ LeelawatiGarh Jabalpur - 577132,2014,121,71
109,PPIT4009,Allison,1997-04-07,M,paley@me.com,9360031541,37/ Shweta Villas/ Malik Chowk New Delhi - 578538,2014,122,71
110,PPIT4010,Lyda,1997-05-10,M,klaudon@yahoo.com,9460497299,54/ Mehul Heights/ Preshita Nagar Simla - 492521,2015,121,71
111,PPIT4011,Tonya,1997-06-29,F,ebassi@me.com,9193074135,26/ TrishanaGarh/ Pondicherry - 532964,2015,122,71
112,PPIT4012,Verla,1997-08-08,F,thowell@msn.com,9585071523,26/ Harmada/ Patna - 209707,2015,122,71
113,PPIT4013,Mira,1997-08-16,M,noahb@yahoo.ca,9999414490,43/ Aishwarya Villas/ BijoyGunj Gurgaon - 228753,2015,121,71
114,PPIT4014,Lora,1997-10-07,F,boser@verizon.net,9462124207,62/ SahilPur/ Raipur - 265330,2015,121,71
115,PPIT4015,Margorie,1997-12-06,M,bradl@comcast.net,9883799383,57/ Kirti Villas/ Sheetal Chowk Jaipur - 434191,2015,122,71
116,PPIT4016,Mohammed,1998-01-01,M,ahuillet@gmail.com,9531014361,3/ SiddharthPur/ Ratlam - 248280,2015,121,71
117,PPIT4017,Dorthey,1998-08-18,M,choset@gmail.com,9934522877,98/ Amrit Heights/ Umesh Chowk Delhi - 535975,2015,122,71
118,PPIT4018,Madaline,1998-09-09,F,harpes@sbcglobal.net,9650706250,88/ Cyber City/ Pune - 524512,2015,122,71
119,PPEC4001,Duncan,1998-11-06,F,harryh@optonline.net,9075122186,69/ Sona Apartments/ Malad New Delhi - 253747,2015,121,71
120,PPEC4002,Sage,1999-02-18,M,knorr@outlook.com,9761553562,89/ NikitaGarh/ Jabalpur - 437704,2016,121,71
121,PPEC4003,Winnie,1999-03-01,F,rogerspl@live.com,9741963906,36/ BaberGunj/ Pondicherry - 401182,2016,122,71
122,PPEC4004,Olinda,1999-03-27,M,mirod@aol.com,9120170501,56/ Javed Apartments/ Bandra Ahmedabad - 146141,2016,121,71
123,PPEC4005,Alisa,1999-05-12,M,kmself@aol.com,9177087294,67/ Sodala/ Ahmedabad - 560308,2016,122,71
124,PPEC4006,Danuta,1999-06-01,M,jfmulder@aol.com,9540412852,10/ Afreen Chowk/ Ludhiana - 593711,2016,122,71
125,PPEC4007,Bethany,1999-08-07,F,mirod@yahoo.com,9443954372,11/ Model Town/ Kochi - 350873,2016,121,71
126,PPEC4008,Marc,1996-01-20,F,hyper@att.net,9110820322,47/ Vikhroli/ Meerut - 435054,2016,121,71
127,PPEC4009,Gennie,1996-04-02,M,simone@msn.com,9845629572,33/ Mansarovar/ Bengaluru - 362606,2016,122,71
128,PPEC4010,Glynis,1996-08-24,F,wildixon@verizon.net,9073890401,62/ Churchgate/ Kota - 339298,2016,121,71
129,PPEC4011,Judi,1996-11-06,M,boser@me.com,9066886450,81/ Chandpole/ Nashik - 196242,2016,122,71
130,PPEC4012,Ward,1996-11-09,M,akoblin@att.net,9016280280,76/ Hinjewadi/ Trichy - 314073,2017,122,71
131,PPEC4013,Erik,1997-05-26,M,fmtbebuck@msn.com,9916991781,24/ NitikaGunj/ Jamnagar - 430614,2017,121,71
132,PPEC4014,Dee,1997-06-19,F,heckerman@me.com,9278991942,21/ MustafaPur/ Mysore - 262202,2017,121,71
133,PPEC4015,Victoria,1997-06-22,F,comdig@verizon.net,9779826027,29/ Kartik Villas/ Cyber City Kota - 238589,2017,122,71
134,PPEC4016,Percy,1997-08-27,M,empathy@yahoo.com,9656243474,26/ David Apartments/ Padama Nagar Meerut - 398258,2017,121,71
135,PPEC4017,Stephane,1997-12-09,F,bcevc@hotmail.com,9291482818,93/ Hemendra Villas/ ShwetaGunj Gandhinagar - 190974,2017,122,71
136,PPEC4018,Yuki,1998-02-07,M,cgarcia@optonline.net,9911196600,74/ Deepesh Villas/ Tanuja Chowk Udaipur - 176708,2017,122,71
137,PPEC4019,Winona,1998-02-24,M,cremonini@sbcglobal.net,9784816986,82/ NitikaGunj/ Thiruvananthapuram - 523681,2017,122,71
138,PPEC4020,Tod,1998-03-07,M,grothoff@gmail.com,9006877659,22/ Nishita Society/ Harmada Jammu - 267425,2017,121,71
139,PPEC4021,Lulu,1998-03-13,F,yxing@optonline.net,9086050866,88/ Abhinav Apartments/ KrishnaGunj Bhopal - 369414,2017,121,71
140,PPEC4022,Marnie,1998-07-30,F,ilial@aol.com,9947118908,38/ Kajol Heights/ Aditya Nagar Jodhpur - 452671,2017,122,71
141,PPEC4023,Lakiesha,1998-11-21,M,uncled@msn.com,9006818745,35/ Farah Society/ Uma Nagar Jammu - 467567,2017,121,71
142,PPEC4024,Merideth,1998-12-14,F,niknejad@yahoo.com,9527206732,86/ Urvashi Apartments/ Jagat Nagar Faridabad - 593436,2017,122,72
143,SNCS7501,Pearlene,1999-02-04,M,engelen@att.net,9664774804,31/ Payal Villas/ Dadar Simla - 347593,2014,123,72
144,SNCS7502,Yuriko,1999-04-16,M,conteb@live.com,9011350342,38/ Esha Apartments/ Yerwada Lucknow - 408423,2014,123,72
145,SNCS7503,Mazie,1999-06-18,M,dmiller@aol.com,9784819772,76/ Malad/ Meerut - 320574,2014,124,72
146,SNCS7504,Minta,1999-06-30,F,fallorn@yahoo.com,9753714510,49/ Tushar Chowk/ Kota - 460092,2014,124,72
147,SNCS7505,Loise,1999-08-27,F,codex@aol.com,9260651194,89/ KarimGarh/ Jabalpur - 437197,2014,123,72
148,SNCS7506,Jettie,1999-09-11,M,fmerges@mac.com,9471870829,24/ Chinchwad/ Warangal - 332522,2014,124,72
149,SNCS7507,Martha,1999-10-07,F,openldap@aol.com,9807402572,96/ Churchgate/ Vishakhapattanam - 312904,2014,123,72
150,SNCS7508,Usha,1999-12-24,M,paulv@hotmail.com,9114825346,80/ AvantikaPur/ Mumbai - 292978,2014,123,72
151,SNCS7509,Samual,1998-01-24,M,carreras@hotmail.com,9061626072,62/ Naina Apartments/ Model Town Noida - 594700,2014,124,72
152,SNCS7510,Jewel,1998-02-16,M,singer@yahoo.com,9749069140,56/ Malad/ Hisar - 293287,2014,124,72
153,SNCS7511,Harley,1998-03-24,F,kannan@hotmail.com,9718755242,26/ Wafa Society/ HimaniPur Jammu - 579245,2014,123,72
154,SNCS7512,Tomeka,1998-04-04,F,bester@gmail.com,9023999696,54/ Parvez Society/ Esha Nagar Gurgaon - 526033,2014,124,72
155,SNCS7513,Beckie,1998-04-24,M,hager@outlook.com,9456448516,12/ Dadar/ Jamnagar - 441573,2015,123,72
156,SNCS7514,Latia,1998-04-26,F,rnewman@hotmail.com,9517978346,92/ Yerwada/ Jammu - 474243,2015,123,72
157,SNCS7515,Odilia,1998-05-01,M,noahb@aol.com,9986173554,66/ Manjari Apartments/ Chandpole Kolkata - 195439,2015,124,72
158,SNCS7516,Marcia,1998-08-29,M,jamuir@att.net,9879662782,21/ Devendra Villas/ Kharadi Ajmer - 373710,2015,124,72
159,SNCS7517,Cary,1998-10-06,M,fukuchi@comcast.net,9799527215,80/ SheetalPur/ Gurgaon - 479603,2015,123,72
160,SNCS7518,Randa,1998-12-06,F,tbeck@msn.com,9348109642,32/ Kunti Apartments/ MalikPur Alwar - 273839,2015,124,72
161,SNCS7519,Gracia,1999-01-15,F,anicolao@yahoo.ca,9567416919,31/ Sweta Heights/ Hinjewadi Bengaluru - 547491,2015,123,72
162,SNCS7520,Mammie,1999-01-29,M,psharpe@hotmail.com,9470178460,12/ Bandra/ Lucknow - 325385,2015,124,72
163,SNIT7501,Elba,1999-09-17,F,penna@icloud.com,9081830678,34/ Siddharth Apartments/ Yerwada Bhubhaneshwar - 193633,2015,124,72
164,SNIT7502,Jann,1999-12-06,M,jtorkbob@outlook.com,9668217562,15/ Pradeep Society/ NavalGunj Noida - 374728,2015,123,72
165,SNIT7503,Shanda,1999-12-11,M,ingolfke@icloud.com,9459977062,64/ Devika Chowk/ Ajmer - 186286,2015,124,72
166,SNIT7504,Leora,2000-06-20,M,tokuhirom@optonline.net,9462098282,19/ Dadar/ Warangal - 211094,2015,123,72
167,SNIT7505,Kristan,2000-06-22,F,bartlett@live.com,9436798212,13/ Deccan Gymkhana/ Mumbai - 249243,2015,123,72
168,SNIT7506,Doreatha,2000-07-02,F,yangyan@gmail.com,9189327122,19/ Yadu Chowk/ Alwar - 161774,2016,124,72
169,SNIT7507,Carolin,2000-08-27,M,roamer@att.net,9460955544,58/ Anshula Heights/ Yogesh Nagar Gurgaon - 470087,2016,124,72
170,SNIT7508,Lavon,2000-10-14,F,gastown@hotmail.com,9913069787,72/ Hinjewadi/ Patna - 117161,2016,123,72
171,SNIT7509,Kent,2000-10-22,M,devphil@icloud.com,9977541992,72/ Hinjewadi/ Udaipur - 219226,2016,124,72
172,SNIT7510,Jacqulyn,2001-03-14,M,caidaperl@aol.com,9972164185,97/ Farah Chowk/ Udaipur - 596210,2016,123,72
173,SNIT7511,David,2001-06-16,M,warrior@mac.com,9642139769,14/ Churchgate/ Mysore - 131398,2016,124,72
174,SNIT7512,Lorrie,2001-09-20,F,boser@yahoo.com,9161405998,73/ Yerwada/ Rajkot - 119401,2016,123,72
175,SNIT7513,Bianca,2001-11-16,F,dprice@live.com,9990416869,77/ Hinjewadi/ Jammu - 227049,2016,124,72
176,SNIT7514,Neva,1998-01-12,M,crowl@gmail.com,9906927405,37/ Malad/ Panaji - 279803,2016,123,72
177,SNIT7515,Santos,1998-03-17,F,gozer@live.com,9682916993,23/ VenkatGarh/ Pilani - 278643,2016,123,72
178,SNIT7516,Yasmine,1998-04-03,M,gator@icloud.com,9190917931,27/ Navami Apartments/ Borivali Hisar - 171653,2016,124,72
179,SNIT7517,Noma,1998-07-08,M,alastair@me.com,9052085953,67/ ShwetaGunj/ Vishakhapattanam - 462761,2016,124,72
180,SNIT7518,Ali,1998-10-22,M,hmbrand@mac.com,9471304924,50/ Hadapsar/ Bhubhaneshwar - 416907,2017,123,72
181,SNIT7519,Dawna,1998-11-08,F,lstein@msn.com,9054692464,15/ Sodala/ Jamnagar - 402237,2017,124,72
182,SNIT7520,Nilda,1998-12-04,F,bester@yahoo.com,9827415017,5/ Shobha Heights/ AmirGunj Patna - 150187,2017,123,72
183,SNIT7521,Juliann,1999-01-17,M,multiplx@sbcglobal.net,9123238204,48/ Gunjan Society/ Cyber City Hyderabad - 554586,2017,124,72
184,SNIT7522,Doloris,1999-02-03,F,crowl@msn.com,9552655950,72/ Rupesh Society/ AnshulaGunj Noida - 451856,2017,123,72
185,SNIT7523,Carrie,1999-05-13,M,daveewart@verizon.net,9839395495,39/ Virat Heights/ Bandra Gandhinagar - 278737,2017,124,72
186,SNIT7524,Isreal,1999-09-10,M,barnett@gmail.com,9745047761,81/ Pranab Nagar/ Vadodara - 546887,2017,123,72
187,SNIT7525,Marcene,1999-10-03,M,sonnen@att.net,9072815683,18/ Subhash Society/ HrishikeshGunj Ratlam - 252322,2017,123,72
188,SNIT7526,Sanjuana,2000-01-29,F,sinkou@sbcglobal.net,9688575082,77/ Preshita Society/ Raju Nagar Nagpur - 162810,2017,124,72
189,SNIT7527,Shan,2000-02-06,F,hahsler@att.net,9883428131,57/ Chandpole/ Faridabad - 202359,2017,124,72
190,RKEC6001,Gigi,2000-03-20,M,rsmartin@optonline.net,9055703271,63/ MohanGunj/ Pune - 170626,2014,221,73
191,RKEC6002,Abbie,2000-03-23,F,kuparine@comcast.net,9545640964,69/ Pravin Heights/ Yeshwanthpura Warangal - 266519,2014,222,73
192,RKEC6003,Dakota,2000-07-01,M,yamla@comcast.net,9161335533,71/ ArunGunj/ Bikaner - 472575,2014,222,73
193,RKEC6004,Lavada,2001-04-06,M,phish@att.net,9127021424,81/ MadhaviGarh/ Jodhpur - 324617,2014,221,73
194,RKEC6005,Aretha,2001-05-16,M,pedwards@hotmail.com,9898037741,91/ RoseyPur/ Pondicherry - 229522,2014,221,73
195,RKEC6006,Roselyn,2001-05-19,F,itstatus@comcast.net,9544048345,90/ Kailash Society/ Kasturba Chowk Gurgaon - 377678,2014,222,73
196,RKEC6007,Holly,2001-08-18,F,jonas@verizon.net,9964437122,55/ Hinjewadi/ Guwahati - 413287,2014,221,73
197,RKEC6008,Emily,2001-08-29,M,juliano@aol.com,9657219958,53/ Farah Society/ Mukti Nagar Simla - 521886,2014,222,73
198,RKEC6009,Lorretta,2001-10-14,F,sequin@sbcglobal.net,9853742713,19/ Cyber City/ Ajmer - 524185,2014,222,73
199,RKEC6010,Marquita,2001-11-04,M,podmaster@hotmail.com,9182552704,61/ Yerwada/ Gandhinagar - 335762,2014,221,73
200,RKEC6011,Gloria,2001-12-28,M,sfoskett@hotmail.com,9163902122,38/ Nawab/  Chowk/ Warangal - 243938,2014,221,73
201,RKEC6012,Lena,1998-01-10,M,jdhildeb@live.com,9457887794,14/ Sapna Heights/ Mayawati Nagar Chandigarh - 318267,2014,222,73
202,RKEC6013,Winnie,1998-02-08,F,njpayne@outlook.com,9694317178,78/ Raj Society/ ChhaviPur Trichy - 405493,2015,221,73
203,RKEC6014,Winford,1998-04-24,F,purvis@yahoo.com,9608440288,16/ Sabina Chowk/ Pune - 555763,2015,222,73
204,RKEC6015,Marcelle,1998-06-22,M,skajan@yahoo.ca,9112861562,89/ PriyankaGunj/ Jamnagar - 385529,2015,222,73
205,RKEC6016,Marry,1998-11-29,F,juliano@icloud.com,9672675772,57/ Yeshwanthpura/ Faridabad - 134426,2015,221,73
206,RKEC6017,Muriel,1998-12-06,M,philb@gmail.com,9055527588,93/ Naseer Villas/ Borivali Faridabad - 418335,2015,221,73
207,RKEC6018,Tyrell,1998-12-17,M,jacks@sbcglobal.net,9104417518,20/ Nilima Villas/ Borivali Gangtok - 396616,2015,222,73
208,RKEC6019,Deb,1999-01-13,M,zeller@comcast.net,9587410292,73/ Esha Apartments/ NupoorGarh Indore - 388435,2015,221,73
209,RKEC6020,Marylee,1999-02-08,F,msloan@mac.com,9570131443,91/ Sharad Apartments/ AvantikaGarh Kochi - 586486,2015,222,73
210,RKEC6021,Alejandra,1999-03-22,F,stakasa@gmail.com,9026217734,21/ FakaruddinGarh/ Jodhpur - 210524,2015,222,73
211,RKEC6022,Harley,1999-10-28,M,isotopian@mac.com,9905128642,38/ DevendraGunj/ Meerut - 421126,2015,221,73
212,RKCS6001,Ina,2000-02-18,F,cmdrgravy@yahoo.com,9829601250,51/ Himani Society/ Urvashi Nagar Bhubhaneshwar - 388168,2015,221,73
213,RKCS6002,Jimmy,2000-03-11,M,kimvette@sbcglobal.net,9329368587,62/ Mowgli Apartments/ BijoyGunj Hisar - 162980,2015,222,73
214,RKCS6003,Antione,2000-04-08,M,claesjac@sbcglobal.net,9834469385,38/ Maya Heights/ Borivali Mysore - 205395,2016,221,73
215,RKCS6004,Tam,2000-05-23,M,granboul@optonline.net,9378309416,32/ Model Town/ Vadodara - 248973,2016,222,73
216,RKCS6005,Desmond,2000-05-28,F,philb@yahoo.com,9587882904,48/ Srinivasan Apartments/ Dadar Thiruvananthapuram - 548570,2016,222,73
217,RKCS6006,Ashanti,2000-07-28,F,dinther@outlook.com,9770016118,28/ Geetanjali Chowk/ Jamnagar - 539514,2016,221,73
218,RKCS6007,Aurore,2000-11-14,M,krueger@sbcglobal.net,9107527715,10/ NiyatiGunj/ Surat - 130350,2016,221,73
219,RKCS6008,Franklyn,2000-11-23,F,sjava@gmail.com,9098508764,72/ Preet Society/ Marathahalli Pune - 454833,2016,222,73
220,RKCS6009,Bryce,2001-01-02,M,hyper@hotmail.com,9126162738,97/ Bagwati Nagar/ Raipur - 300845,2016,221,73
221,RKCS6010,Fredia,2001-03-28,M,isorashi@yahoo.com,9519757898,83/ Anand Heights/ KrishnaPur Gurgaon - 182793,2016,222,73
222,RKCS6011,Siu,2001-05-30,M,pemungkah@mac.com,9841095422,58/ Prasoon Society/ Deccan Gymkhana Ratlam - 364314,2016,222,73
223,RKCS6012,Kandice,2001-07-01,F,dgriffith@msn.com,9308614824,99/ Cyber City/ Raipur - 205641,2016,221,73
224,RKCS6013,Delaine,2001-11-13,F,srour@live.com,9873809293,24/ TejaswaniGarh/ Rajkot - 416768,2016,221,73
225,RKCS6014,Kayla,2001-12-07,M,jorgb@optonline.net,9611688355,32/ Rachel Chowk/ Delhi - 532958,2016,222,73
226,RKCS6015,Kay,1998-03-14,F,grothoff@live.com,9585982058,52/ Srinivasan Chowk/ Gurgaon - 301515,2016,221,73
227,RKCS6016,Alex,1998-04-22,M,balchen@aol.com,9887885879,48/ Mohanlal Villas/ Bandra Hisar - 471866,2016,222,73
228,RKCS6017,Thersa,1998-08-12,M,pappp@comcast.net,9451818457,51/ MuktiGunj/ Udaipur - 366034,2017,222,73
229,RKCS6018,Raymond,1998-10-23,M,skythe@aol.com,9725193519,61/ Aundh/ Mysore - 285910,2017,221,73
230,RKCS6019,Pricilla,1998-11-13,F,jbailie@me.com,9596458873,78/ BabitaGunj/ Panaji - 210028,2017,221,73
231,RKCS6020,Marlana,1998-12-07,F,uqmcolyv@comcast.net,9503831528,33/ Ragini Apartments/ UdayPur Pilani - 588998,2017,222,73
232,RKCS6021,Gita,1998-12-17,M,evilopie@icloud.com,9058891312,23/ Hinjewadi/ Panaji - 579119,2017,221,73
233,RKCS6022,Dominga,1998-12-19,F,barlow@mac.com,9603256026,38/ Model Town/ Bhopal - 163704,2017,222,73
234,RKCS6023,Maximina,1999-01-09,M,milton@yahoo.ca,9542187304,70/ DiyaGarh/ Mysore - 410984,2017,222,73
235,SSEE3001,Chery,1999-06-02,M,gavollink@msn.com,9107259637,95/ Gowri Apartments/ Harmada Bhubhaneshwar - 223692,2014,223,74
236,SSEE3002,Lean,1999-09-21,M,aegreene@outlook.com,9042932122,96/ Bimla Apartments/ Virar Mysore - 478056,2014,223,74
237,SSEE3003,Jarvis,2000-02-18,F,jgwang@aol.com,9457222785,65/ Aatif Apartments/ Churchgate Kanpur - 445541,2014,223,74
238,SSEE3004,Kelley,2000-02-21,F,noahb@msn.com,9391650792,99/ Karim Chowk/ Srinagar - 167907,2014,224,74
239,SSEE3005,Abram,2000-02-29,M,hauma@me.com,9619962432,39/ Virar/ Panaji - 104629,2014,224,74
240,SSEE3006,Geraldo,2000-04-11,F,rhavyn@msn.com,9334099002,59/ Sweta Villas/ Himesh Nagar Gandhinagar - 459223,2014,223,74
241,SSEE3007,Marquis,2000-04-13,M,aegreene@verizon.net,9723562245,10/ Bandra/ Nagpur - 561061,2014,224,74
242,SSEE3008,Eliz,2000-04-21,M,crypt@icloud.com,9483693612,48/ Afreen Villas/ Harmada Indore - 109263,2014,224,74
243,SSEE3009,Leigha,2000-04-29,M,aukjan@yahoo.ca,9136922436,32/ GeetanjaliGunj/ Hyderabad - 482812,2014,224,74
244,SSEE3010,Philip,2000-07-21,F,bmcmahon@yahoo.ca,9837086917,99/ Bhairavi Apartments/ Moti Nagar Patna - 134972,2014,223,74
245,SSEE3011,Akiko,2000-09-02,F,sriha@live.com,9723031297,59/ Nancy Apartments/ Satishwar Chowk Ranchi - 328822,2014,223,74
246,SSEE3012,Scarlett,2000-10-07,M,parksh@aol.com,9943582634,5/ NidhiPur/ Udaipur - 282105,2014,223,74
247,SSEE3013,Genesis,2001-05-23,F,ahuillet@mac.com,9169992390,81/ Baldev Villas/ Deccan Gymkhana Darjeeling - 531674,2015,224,74
248,SSEE3014,Masako,2001-08-16,M,boomzilla@yahoo.ca,9079021176,29/ TulsiGarh/ Gurgaon - 355945,2015,224,74
249,SSEE3015,Shyla,2001-09-04,M,bsikdar@me.com,9693961276,10/ Aundh/ Ahmedabad - 248420,2015,223,74
250,SSEE3016,Irina,2001-09-05,M,esbeck@verizon.net,9701253206,94/ JackGarh/ Mysore - 293586,2015,224,74
251,SSEE3017,Cammy,1999-08-22,F,saridder@yahoo.ca,9152591784,30/ Parvez Chowk/ Jodhpur - 495851,2015,224,74
252,SSEE3018,Argentina,1998-09-13,F,pgolle@yahoo.com,9083370302,134/ Afreen Villas/ Harmada Indore - 109263,2015,224,74
253,SSEE3019,Layla,1999-01-08,M,nasor@optonline.net,9043104075,61/ Aniruddh Society/ Virar Ludhiana - 384452,2015,223,74
254,SSEE3020,Roxanne,1999-03-26,F,ehood@me.com,9989527932,16/ Aarif Villas/ BalajiGunj Guwahati - 232310,2015,223,74
255,SSEE3021,Holley,1999-03-31,M,hachi@optonline.net,9004342312,17/ Aishwarya Chowk/ Pune - 245391,2015,223,74
256,SSEE3022,Sebastian,1999-06-29,M,campbell@outlook.com,9831579645,90/ Hadapsar/ Hisar - 416164,2015,224,74
257,SSEE3023,Olen,1999-08-22,M,wainwrig@gmail.com,9609052401,76/ UmaGarh/ Kanpur - 554102,2015,224,74
258,SSEE3024,Kenyetta,1999-10-21,F,damian@optonline.net,9060560360,37/ DivyaPur/ Ahmedabad - 290836,2016,223,74
259,SSEE3025,Lavonda,1999-12-26,F,gordonjcp@icloud.com,9136977220,88/ AlkaGunj/ Vadodara - 245913,2016,224,74
260,SSME3001,Raelene,2000-01-24,M,lauronen@outlook.com,9951231544,65/ Ratan Society/ Jagat Nagar Jamnagar - 269771,2016,224,74
261,SSME3002,Miguel,2000-02-25,F,hllam@mac.com,9134720046,68/ Kajal Chowk/ Jabalpur - 318985,2016,224,74
262,SSME3003,Carma,2000-02-26,M,wkrebs@optonline.net,9535899400,20/ Madhavi Apartments/ Dadar Gangtok - 195970,2016,223,74
263,SSME3004,Nikole,2000-03-07,M,lishoy@gmail.com,9640797584,14/ IbrahimGunj/ Dehra Dun - 319116,2016,223,74
264,SSME3005,Cleo,2000-03-14,M,ramollin@msn.com,9312464625,96/ Meghana Chowk/ Raipur - 228542,2016,223,74
265,SSME3006,Elliott,2000-04-22,F,kourai@msn.com,9325620629,26/ Heena Chowk/ Kanpur - 192040,2016,224,74
266,SSME3007,Mohammad,2000-06-24,F,gmcgath@yahoo.ca,9880628842,23/ Jagat Society/ Harmada Kochi - 582224,2016,224,74
267,SSME3008,Obdulia,2000-09-21,M,kenja@hotmail.com,9506950366,67/ Marathahalli/ Kolkata - 362774,2016,223,74
268,SSME3009,Trudy,2001-03-03,F,simone@me.com,9951712248,55/ LabeenPur/ Bengaluru - 265488,2016,224,74
269,SSME3010,Alise,2001-04-16,M,improv@outlook.com,9066130222,37/ AnandPur/ Bhubhaneshwar - 454844,2016,224,74
270,SSME3011,Zina,2001-05-14,M,punkis@yahoo.com,9078244060,75/ John Society/ Radhika Chowk New Delhi - 319598,2017,224,74
271,SSME3012,Eugenia,2001-05-26,M,mcnihil@hotmail.com,9943555250,43/ Priyanka Nagar/ Hyderabad - 459285,2017,223,74
272,SSME3013,Zoraida,2001-09-06,F,natepuri@hotmail.com,9627869226,31/ Kabeer Society/ Laveena Chowk Bengaluru - 333379,2017,224,74
273,SSME3014,Evan,2001-09-19,F,ahuillet@live.com,9865746100,35/ SheetalPur/ Warangal - 204783,2017,224,74
274,SSME3015,Xochitl,2001-12-15,M,north@optonline.net,9167688383,29/ Kormangala/ Rajkot - 227941,2017,224,74
275,SSME3016,Maud,2001-12-20,F,nweaver@sbcglobal.net,9030260983,64/ Model Town/ Ranchi - 308920,2017,223,74
276,SSME3017,Charmaine,2001-12-29,M,maratb@yahoo.ca,9016434343,71/ HetanGarh/ Kochi - 306957,2017,223,74
277,SSME3018,Efrain,2000-06-24,M,johnbob@verizon.net,9646335055,74/ Arjun Nagar/ Jaipur - 440148,2017,223,74
278,SSME3019,Leda,1999-08-22,M,mnemonic@yahoo.ca,9833683000,99/ Sunita Society/ AbbasGarh Gurgaon - 215987,2017,224,74
279,SSME3020,Season,2001-05-23,F,ryanvm@outlook.com,9499577388,69/ Yogesh Chowk/ Thiruvananthapuram - 315369,2017,224,74
280,SSME3021,Jennifer,2001-12-29,F,dkeeler@att.net,9564711892,76/ Hetan Society/ Andheri Patna - 278238,2017,223,74
281,SSME3022,Lory,1999-12-26,M,marin@att.net,9736281643,18/ Obaid Society/ Yerwada Faridabad - 546982,2017,224,74
282,SSME3023,Kirby,2000-02-25,F,osaru@outlook.com,9872643528,60/ Munaf Heights/ Yerwada Panaji - 304206,2017,224,74
283,SSME3024,Anh,1998-11-13,M,murdocj@aol.com,9872653423,81/ Borivali/ Nagpur - 357449,2017,224,74
284,SSME3025,Lashonda,1998-12-07,M,jacks@aol.com,9763512853,45/ Sid Heights/ Borivali Jabalpur - 305267,2017,223,74
285,SSME3026,Cassaundra,1998-12-17,M,avalon@optonline.net,9835183742,84/ Vikhroli/ Bengaluru - 278671,2017,224,74
286,SSME3027,Alda,1998-12-19,F,matthijs@verizon.net,9364001001,24/ Vijay Apartments/ Sodala New Delhi - 351593,2017,224,74
287,SSME3028,Pete,1999-01-09,F,cameron@outlook.com,904820471,45/ Mohanlal Society/ Model Town Raipur - 466456,2017,224,74
288,SSME3029,Sol,1999-06-02,M,breegster@me.com,903826402,76/ Raghavan Nagar/ Darjeeling - 456748,2017,223,74
,,,,,,,,,,
,,,,,,,,,,
,,,,,,,,,,
,,,,,,,,,,
,,,,,,,,,,
,,,,,,,,,,
,,,,,,,,,,
,,,,,,,,,,
